timestamp, index, utilization.gpu [%], memory.used [MiB], power.draw [W], clocks.current.sm [MHz]
2026/10/04 19:01:28.009, 0, 0, 1, 43.57, 210
2026/10/04 19:01:29.017, 0, 0, 1, 43.38, 210
2026/10/04 19:01:30.017, 0, 0, 1, 43.38, 210
2026/10/04 19:01:31.017, 0, 0, 1, 43.09, 210
2026/10/04 19:01:32.017, 0, 0, 1, 42.91, 210
2026/10/04 19:01:33.018, 0, 0, 1, 43.19, 210
2026/10/04 19:01:34.018, 0, 0, 85, 45.15, 765
2026/10/04 19:01:35.018, 0, 12, 2963, 45.74, 765
2026/10/04 19:01:36.018, 0, 100, 27535, 266.00, 1230
2026/10/04 19:01:37.018, 0, 100, 27535, 251.93, 1140
2026/10/04 19:01:38.018, 0, 100, 27535, 273.51, 1170
2026/10/04 19:01:39.018, 0, 100, 27535, 248.53, 1215
2026/10/04 19:01:40.019, 0, 100, 27535, 274.07, 1125
2026/10/04 19:01:41.019, 0, 100, 27535, 257.46, 1215
2026/10/04 19:01:42.019, 0, 100, 27535, 259.24, 1185
2026/10/04 19:01:43.019, 0, 100, 27535, 278.71, 1170
2026/10/04 19:01:44.019, 0, 100, 27535, 244.09, 1200
2026/10/04 19:01:45.019, 0, 100, 27535, 276.39, 1110
2026/10/04 19:01:46.019, 0, 100, 27535, 276.42, 1215
2026/10/04 19:01:47.019, 0, 100, 27535, 245.15, 1155
2026/10/04 19:01:48.019, 0, 100, 27535, 233.13, 1230
2026/10/04 19:01:49.019, 0, 100, 27535, 267.08, 1200
2026/10/04 19:01:50.019, 0, 100, 27535, 252.19, 1140
2026/10/04 19:01:51.020, 0, 100, 27535, 263.49, 1215
2026/10/04 19:01:52.020, 0, 100, 27535, 242.61, 1140
2026/10/04 19:01:53.020, 0, 100, 27535, 263.79, 1230
2026/10/04 19:01:54.020, 0, 100, 27535, 237.71, 1200
2026/10/04 19:01:55.020, 0, 100, 27535, 270.13, 1140
2026/10/04 19:01:56.020, 0, 100, 27535, 272.07, 1215
2026/10/04 19:01:57.020, 0, 100, 27535, 225.00, 1110
2026/10/04 19:01:58.020, 0, 100, 27535, 218.09, 1200
2026/10/04 19:01:59.020, 0, 100, 27535, 272.20, 1200
2026/10/04 19:02:00.020, 0, 100, 27535, 240.50, 1140
2026/10/04 19:02:01.021, 0, 100, 27535, 270.42, 1185
2026/10/04 19:02:02.021, 0, 100, 27535, 243.39, 1125
2026/10/04 19:02:03.021, 0, 100, 27535, 253.10, 1200
2026/10/04 19:02:04.021, 0, 100, 27535, 250.94, 1200
2026/10/04 19:02:05.021, 0, 100, 27535, 254.06, 1200
2026/10/04 19:02:06.021, 0, 100, 27535, 250.97, 1200
2026/10/04 19:02:07.021, 0, 100, 27535, 250.39, 1125
2026/10/04 19:02:08.021, 0, 100, 27535, 236.12, 1155
2026/10/04 19:02:09.021, 0, 100, 27535, 256.27, 1095
2026/10/04 19:02:10.021, 0, 100, 27535, 238.26, 1125
2026/10/04 19:02:11.021, 0, 100, 27535, 231.13, 1185
2026/10/04 19:02:12.022, 0, 100, 27535, 240.54, 1200
2026/10/04 19:02:13.022, 0, 100, 27535, 248.05, 1200
2026/10/04 19:02:14.022, 0, 100, 27535, 249.50, 1200
2026/10/04 19:02:15.022, 0, 100, 27535, 231.57, 1185
2026/10/04 19:02:16.022, 0, 100, 27535, 268.01, 1125
2026/10/04 19:02:17.022, 0, 100, 27535, 256.23, 1185
2026/10/04 19:02:18.022, 0, 100, 27535, 250.56, 1110
2026/10/04 19:02:19.022, 0, 100, 27535, 235.60, 1185
2026/10/04 19:02:20.022, 0, 100, 27535, 253.77, 1170
2026/10/04 19:02:21.023, 0, 100, 27535, 276.51, 1215
2026/10/04 19:02:22.023, 0, 100, 27535, 235.07, 1170
2026/10/04 19:02:23.023, 0, 100, 27535, 199.92, 1125
2026/10/04 19:02:24.023, 0, 100, 27535, 249.78, 1200
2026/10/04 19:02:25.023, 0, 100, 27535, 251.50, 1125
2026/10/04 19:02:26.023, 0, 100, 27535, 239.17, 1110
2026/10/04 19:02:27.023, 0, 100, 27535, 228.01, 1170
2026/10/04 19:02:28.023, 0, 100, 27535, 273.98, 1185
2026/10/04 19:02:29.023, 0, 100, 27535, 237.54, 1170
2026/10/04 19:02:30.023, 0, 100, 27535, 256.14, 1140
2026/10/04 19:02:31.023, 0, 100, 27535, 264.01, 1170
2026/10/04 19:02:32.024, 0, 100, 27535, 275.61, 1125
2026/10/04 19:02:33.024, 0, 100, 27535, 258.67, 1200
2026/10/04 19:02:34.024, 0, 100, 27535, 252.38, 1110
2026/10/04 19:02:35.024, 0, 100, 27535, 234.40, 1185
2026/10/04 19:02:36.024, 0, 100, 27535, 256.36, 1155
2026/10/04 19:02:37.024, 0, 100, 27535, 229.34, 1215
2026/10/04 19:02:38.024, 0, 100, 27535, 273.97, 1185
2026/10/04 19:02:39.024, 0, 100, 27535, 272.42, 1140
2026/10/04 19:02:40.024, 0, 100, 27535, 238.94, 1155
2026/10/04 19:02:41.024, 0, 100, 27535, 255.49, 1080
2026/10/04 19:02:42.024, 0, 100, 27535, 247.01, 1170
2026/10/04 19:02:43.025, 0, 100, 27535, 252.88, 1140
2026/10/04 19:02:44.025, 0, 100, 27535, 271.20, 1200
2026/10/04 19:02:45.025, 0, 100, 27535, 235.38, 1140
2026/10/04 19:02:46.025, 0, 100, 27535, 245.22, 1125
2026/10/04 19:02:47.025, 0, 100, 27535, 273.03, 1185
2026/10/04 19:02:48.025, 0, 100, 27535, 247.66, 1110
2026/10/04 19:02:49.025, 0, 100, 27535, 222.85, 1110
2026/10/04 19:02:50.025, 0, 100, 27535, 241.11, 1140
2026/10/04 19:02:51.025, 0, 100, 27535, 243.32, 1185
2026/10/04 19:02:52.025, 0, 100, 27535, 246.79, 1170
2026/10/04 19:02:53.025, 0, 96, 27535, 229.15, 1260
2026/10/04 19:02:54.026, 0, 100, 27535, 227.16, 1140
2026/10/04 19:02:55.026, 0, 100, 27535, 283.23, 1095
2026/10/04 19:02:56.026, 0, 100, 27535, 267.64, 1185
2026/10/04 19:02:57.026, 0, 100, 27535, 244.95, 1095
2026/10/04 19:02:58.026, 0, 100, 27535, 233.25, 1110
2026/10/04 19:02:59.026, 0, 100, 27535, 249.12, 1170
2026/10/04 19:03:00.026, 0, 100, 27535, 247.56, 1185
2026/10/04 19:03:01.026, 0, 100, 27535, 248.73, 1140
2026/10/04 19:03:02.026, 0, 100, 27535, 248.30, 1125
2026/10/04 19:03:03.026, 0, 100, 27535, 251.43, 1185
2026/10/04 19:03:04.027, 0, 100, 27535, 248.61, 1095
2026/10/04 19:03:05.027, 0, 100, 27535, 274.30, 1200
2026/10/04 19:03:06.027, 0, 100, 27535, 238.29, 1125
2026/10/04 19:03:07.027, 0, 100, 27535, 231.99, 1185
2026/10/04 19:03:08.027, 0, 100, 27535, 248.74, 1125
2026/10/04 19:03:09.027, 0, 100, 27535, 232.57, 1170
2026/10/04 19:03:10.027, 0, 100, 27535, 268.99, 1185
2026/10/04 19:03:11.027, 0, 100, 27535, 265.93, 1110
2026/10/04 19:03:12.027, 0, 100, 27535, 237.97, 1140
2026/10/04 19:03:13.027, 0, 100, 27535, 242.07, 1110
2026/10/04 19:03:14.027, 0, 100, 27535, 251.61, 1125
2026/10/04 19:03:15.028, 0, 100, 27535, 231.35, 1140
2026/10/04 19:03:16.028, 0, 100, 27535, 248.04, 1170
2026/10/04 19:03:17.028, 0, 100, 27535, 248.55, 1170
2026/10/04 19:03:18.028, 0, 100, 27535, 259.83, 1185
2026/10/04 19:03:19.028, 0, 100, 27535, 247.27, 1155
2026/10/04 19:03:20.028, 0, 100, 27535, 271.31, 1110
2026/10/04 19:03:21.028, 0, 100, 27535, 246.59, 1200
2026/10/04 19:03:22.028, 0, 100, 27535, 239.33, 1095
2026/10/04 19:03:23.028, 0, 100, 27535, 239.76, 1185
2026/10/04 19:03:24.028, 0, 100, 27535, 252.62, 1140
2026/10/04 19:03:25.029, 0, 100, 27535, 249.21, 1200
2026/10/04 19:03:26.029, 0, 100, 27535, 252.48, 1185
2026/10/04 19:03:27.029, 0, 100, 27535, 263.48, 1140
2026/10/04 19:03:28.029, 0, 100, 27535, 230.53, 1185
2026/10/04 19:03:29.029, 0, 100, 27535, 253.07, 1095
2026/10/04 19:03:30.029, 0, 100, 27535, 225.88, 1140
2026/10/04 19:03:31.029, 0, 100, 27535, 258.89, 1125
2026/10/04 19:03:32.029, 0, 100, 27535, 268.01, 1155
2026/10/04 19:03:33.029, 0, 100, 27535, 251.35, 1170
2026/10/04 19:03:34.029, 0, 100, 27535, 262.03, 1200
2026/10/04 19:03:35.029, 0, 100, 27535, 260.82, 1185
2026/10/04 19:03:36.030, 0, 100, 27535, 263.68, 1140
2026/10/04 19:03:37.030, 0, 100, 27535, 232.58, 1185
2026/10/04 19:03:38.030, 0, 100, 27535, 255.79, 1095
2026/10/04 19:03:39.030, 0, 100, 27535, 239.96, 1110
2026/10/04 19:03:40.030, 0, 100, 27535, 232.07, 1125
2026/10/04 19:03:41.030, 0, 100, 27535, 276.13, 1170
2026/10/04 19:03:42.030, 0, 100, 27535, 242.07, 1185
2026/10/04 19:03:43.030, 0, 100, 27535, 274.10, 1140
2026/10/04 19:03:44.030, 0, 100, 27535, 231.63, 1125
2026/10/04 19:03:45.030, 0, 100, 27535, 253.73, 1110
2026/10/04 19:03:46.030, 0, 100, 27535, 236.63, 1155
2026/10/04 19:03:47.031, 0, 100, 27535, 275.91, 1110
2026/10/04 19:03:48.031, 0, 100, 27535, 272.76, 1200
2026/10/04 19:03:49.031, 0, 100, 27535, 246.78, 1155
2026/10/04 19:03:50.031, 0, 100, 27535, 232.59, 1185
2026/10/04 19:03:51.031, 0, 100, 27535, 236.11, 1140
2026/10/04 19:03:52.031, 0, 100, 27535, 268.22, 1125
2026/10/04 19:03:53.031, 0, 100, 27535, 231.18, 1125
2026/10/04 19:03:54.031, 0, 100, 27535, 252.41, 1140
2026/10/04 19:03:55.031, 0, 100, 27535, 237.32, 1140
2026/10/04 19:03:56.032, 0, 100, 27535, 252.02, 1095
2026/10/04 19:03:57.032, 0, 100, 27535, 270.63, 1185
2026/10/04 19:03:58.032, 0, 100, 27535, 233.13, 1140
2026/10/04 19:03:59.032, 0, 100, 27535, 225.64, 1170
2026/10/04 19:04:00.032, 0, 100, 27535, 266.39, 1185
2026/10/04 19:04:01.032, 0, 100, 27535, 274.69, 1140
2026/10/04 19:04:02.032, 0, 100, 27535, 263.13, 1185
2026/10/04 19:04:03.032, 0, 100, 27535, 231.04, 1110
2026/10/04 19:04:04.032, 0, 100, 27535, 261.82, 1200
2026/10/04 19:04:05.032, 0, 100, 27535, 240.97, 1110
2026/10/04 19:04:06.032, 0, 100, 27535, 236.32, 1155
2026/10/04 19:04:07.033, 0, 100, 27535, 256.27, 1185
2026/10/04 19:04:08.033, 0, 100, 27535, 247.46, 1155
2026/10/04 19:04:09.033, 0, 100, 27535, 233.45, 1110
2026/10/04 19:04:10.033, 0, 100, 27535, 255.32, 1110
2026/10/04 19:04:11.033, 0, 100, 27535, 270.73, 1200
2026/10/04 19:04:12.033, 0, 100, 27535, 235.09, 1095
2026/10/04 19:04:13.033, 0, 100, 27535, 242.23, 1140
2026/10/04 19:04:14.033, 0, 100, 27535, 250.27, 1170
2026/10/04 19:04:15.033, 0, 100, 27535, 270.95, 1200
2026/10/04 19:04:16.033, 0, 100, 27535, 258.00, 1185
2026/10/04 19:04:17.034, 0, 100, 27535, 289.57, 1140
2026/10/04 19:04:18.034, 0, 100, 27535, 273.89, 1185
2026/10/04 19:04:19.034, 0, 100, 27535, 247.39, 1110
2026/10/04 19:04:20.034, 0, 100, 27535, 234.57, 1125
2026/10/04 19:04:21.034, 0, 100, 27535, 258.09, 1110
2026/10/04 19:04:22.034, 0, 100, 27535, 256.78, 1185
2026/10/04 19:04:23.034, 0, 100, 27535, 226.26, 1140
2026/10/04 19:04:24.034, 0, 100, 27535, 244.47, 1155
2026/10/04 19:04:25.034, 0, 100, 27535, 261.27, 1185
2026/10/04 19:04:26.034, 0, 100, 27535, 272.34, 1110
2026/10/04 19:04:27.034, 0, 100, 27535, 244.54, 1185
2026/10/04 19:04:28.035, 0, 100, 27535, 246.20, 1125
2026/10/04 19:04:29.035, 0, 100, 27535, 252.22, 1125
2026/10/04 19:04:30.035, 0, 100, 27535, 258.96, 1140
2026/10/04 19:04:31.035, 0, 100, 27535, 257.83, 1125
2026/10/04 19:04:32.035, 0, 100, 27535, 223.24, 1185
2026/10/04 19:04:33.035, 0, 100, 27535, 264.76, 1155
2026/10/04 19:04:34.035, 0, 100, 27535, 237.71, 1185
2026/10/04 19:04:35.035, 0, 100, 27535, 264.58, 1110
2026/10/04 19:04:36.035, 0, 100, 27535, 236.66, 1125
2026/10/04 19:04:37.035, 0, 100, 27535, 233.70, 1095
2026/10/04 19:04:38.035, 0, 100, 27535, 268.33, 1185
2026/10/04 19:04:39.036, 0, 100, 27535, 239.53, 1170
2026/10/04 19:04:40.036, 0, 100, 27535, 266.18, 1185
2026/10/04 19:04:41.036, 0, 100, 27535, 253.94, 1140
2026/10/04 19:04:42.036, 0, 100, 27535, 207.53, 1095
2026/10/04 19:04:43.036, 0, 100, 27535, 260.80, 1200
2026/10/04 19:04:44.036, 0, 100, 27535, 268.23, 1125
2026/10/04 19:04:45.036, 0, 100, 27535, 260.54, 1200
2026/10/04 19:04:46.036, 0, 100, 27535, 238.20, 1095
2026/10/04 19:04:47.036, 0, 100, 27535, 220.47, 1140
2026/10/04 19:04:48.036, 0, 100, 27535, 265.24, 1170
2026/10/04 19:04:49.036, 0, 100, 27535, 270.03, 1215
2026/10/04 19:04:50.037, 0, 100, 27535, 230.66, 1185
2026/10/04 19:04:51.037, 0, 100, 27535, 215.68, 1140
2026/10/04 19:04:52.037, 0, 100, 27535, 257.62, 1185
2026/10/04 19:04:53.037, 0, 100, 27535, 260.98, 1095
2026/10/04 19:04:54.037, 0, 100, 27535, 227.32, 1125
2026/10/04 19:04:55.037, 0, 100, 27535, 248.92, 1140
2026/10/04 19:04:56.037, 0, 100, 27535, 244.78, 1140
2026/10/04 19:04:57.037, 0, 100, 27535, 265.64, 1185
2026/10/04 19:04:58.037, 0, 100, 27535, 276.11, 1170
2026/10/04 19:04:59.037, 0, 100, 27535, 273.63, 1185
2026/10/04 19:05:00.037, 0, 100, 27535, 210.74, 1110
2026/10/04 19:05:01.038, 0, 100, 27535, 241.23, 1125
2026/10/04 19:05:02.038, 0, 100, 27535, 250.82, 1110
2026/10/04 19:05:03.038, 0, 100, 27535, 274.52, 1200
2026/10/04 19:05:04.038, 0, 100, 27535, 274.12, 1095
2026/10/04 19:05:05.038, 0, 100, 27535, 233.79, 1125
2026/10/04 19:05:06.038, 0, 100, 27535, 242.17, 1125
2026/10/04 19:05:07.038, 0, 100, 27535, 268.30, 1185
2026/10/04 19:05:08.038, 0, 100, 27535, 237.02, 1170
2026/10/04 19:05:09.038, 0, 100, 27535, 249.54, 1140
2026/10/04 19:05:10.038, 0, 100, 27535, 251.61, 1170
2026/10/04 19:05:11.039, 0, 94, 27535, 82.60, 1365
2026/10/04 19:05:12.039, 0, 0, 27147, 83.56, 1410
